{"a":{"a":0},"another":{"b":0.08600857018970891},"example":{"b":0.12901285528456335},"is":{"a":0,"b":0},"sample":{"a":0},"this":{"a":0,"b":0}}